image_id,filename,hairstyle_label,category,difficulty,hair_length,description,keywords,search_profile
1,IMG_0264.JPG,Crown Braid,Wedding/Party,Advanced,Medium/Long,A advanced crown braid that's well suited for wedding/party occasions and works best on medium/long hair.,"wedding/party, medium/long, advanced, crown braid",wedding/party advanced medium/long hairstyle everyday occasion
2,IMG_0265.JPG,High Bun,Simple/Everyday,Beginner,Medium/Long,A beginner high bun that's well suited for simple/everyday occasions and works best on medium/long hair.,"simple/everyday, medium/long, beginner, high bun",simple/everyday beginner medium/long hairstyle everyday occasion
3,IMG_0266.JPG,Pull-through Braid,Simple/Everyday,Beginner,Medium/Long,A beginner pull-through braid that's well suited for simple/everyday occasions and works best on medium/long hair.,"simple/everyday, medium/long, beginner, pull-through braid",simple/everyday beginner medium/long hairstyle everyday occasion
4,IMG_0267.JPG,Braided Updo,Wedding/Party,Advanced,Medium/Long,A advanced braided updo that's well suited for wedding/party occasions and works best on medium/long hair.,"wedding/party, medium/long, advanced, braided updo",wedding/party advanced medium/long hairstyle everyday occasion
5,IMG_0270.JPG,Twisted Updo,Wedding/Party,Advanced,Medium/Long,A advanced twisted updo that's well suited for wedding/party occasions and works best on medium/long hair.,"wedding/party, medium/long, advanced, twisted updo",wedding/party advanced medium/long hairstyle everyday occasion
6,IMG_0271.JPG,Twisted Updo,Wedding/Party,Advanced,Medium/Long,A advanced twisted updo that's well suited for wedding/party occasions and works best on medium/long hair.,"wedding/party, medium/long, advanced, twisted updo",wedding/party advanced medium/long hairstyle everyday occasion
7,IMG_0273.JPG,Floral Updo,Wedding/Party,Advanced,Medium/Long,A advanced floral updo that's well suited for wedding/party occasions and works best on medium/long hair.,"wedding/party, medium/long, advanced, floral updo",wedding/party advanced medium/long hairstyle everyday occasion
8,IMG_0274.JPG,Low Bun,Wedding/Party,Beginner,Medium/Long,A beginner low bun that's well suited for wedding/party occasions and works best on medium/long hair.,"wedding/party, medium/long, beginner, low bun",wedding/party beginner medium/long hairstyle everyday occasion
9,IMG_0277.JPG,Pearl Braid,Wedding/Party,Intermediate,Short/Medium/Long,A intermediate pearl braid that's well suited for wedding/party occasions and works best on short/medium/long hair.,"wedding/party, short/medium/long, intermediate, pearl braid",wedding/party intermediate short/medium/long hairstyle everyday occasion
10,IMG_0278.JPG,Low Bun,Wedding/Party,Beginner,Medium/Long,A beginner low bun that's well suited for wedding/party occasions and works best on medium/long hair.,"wedding/party, medium/long, beginner, low bun",wedding/party beginner medium/long hairstyle everyday occasion
11,IMG_0279.JPG,Braided Low Bun,Wedding/Party,Intermediate,Medium/Long,A intermediate braided low bun that's well suited for wedding/party occasions and works best on medium/long hair.,"wedding/party, medium/long, intermediate, braided low bun",wedding/party intermediate medium/long hairstyle everyday occasion
12,IMG_0280.JPG,Floral Half-Up,Wedding/Party,Advanced,Medium/Long,A advanced floral half-up that's well suited for wedding/party occasions and works best on medium/long hair.,"wedding/party, medium/long, advanced, floral half-up",wedding/party advanced medium/long hairstyle everyday occasion
13,IMG_1044.JPG,Fishtail Half-Up,Wedding/Party,Beginner,Medium/Long,A beginner fishtail half-up that's well suited for wedding/party/everyday occasions and works best on medium/long hair.,"wedding/party/everyday, medium/long, beginner, fishtail half-up",wedding/party/everyday beginner medium/long hairstyle everyday occasion
14,IMG_2576.jpg,Half-Up Ponytails,Wedding/Party/Everyday,Beginner,Short/Medium/Long,A beginner half-up ponytails that's well suited for wedding/party/everyday occasions and works best on short/medium/long hair.,"wedding/party/everyday, short/medium/long, beginner, half-up ponytails",wedding/party/everyday beginner short/medium/long hairstyle everyday occasion
15,IMG_2699.jpg,Scarf Braid,Wedding/Party/Everyday,Intermediate,Medium/Long,A intermediate scarf braid that's well suited for wedding/party/everyday occasions and works best on medium/long hair.,"wedding/party/everyday, medium/long, intermediate, scarf braid",wedding/party/everyday intermediate medium/long hairstyle everyday occasion
16,IMG_2960.jpg,Simple Braid,Wedding/Party/Everyday,Beginner,Medium/Long,A beginner simple braid that's well suited for wedding/party/everyday occasions and works best on medium/long hair.,"wedding/party/everyday, medium/long, beginner, simple braid",wedding/party/everyday beginner medium/long hairstyle everyday occasion
17,IMG_3295.JPG,Textured Updo,Wedding/Party,Advanced,Medium/Long,A advanced textured updo that's well suited for wedding/party occasions and works best on medium/long hair.,"wedding/party, medium/long, advanced, textured updo",wedding/party advanced medium/long hairstyle everyday occasion
18,IMG_3306.jpg,Twisted Updo,Wedding/Party,Advanced,Medium/Long,A advanced twisted updo that's well suited for wedding/party occasions and works best on medium/long hair.,"wedding/party, medium/long, advanced, twisted updo",wedding/party advanced medium/long hairstyle everyday occasion
19,IMG_3307.JPG,Braided Low Bun,Wedding/Party,Intermediate,Medium/Long,A intermediate braided low bun that's well suited for wedding/party occasions and works best on medium/long hair.,"wedding/party, medium/long, intermediate, braided low bun",wedding/party intermediate medium/long hairstyle everyday occasion
20,IMG_3308.JPG,Braided French Bun,Wedding/Party,Intermediate,Medium/Long,A intermediate braided french bun that's well suited for wedding/party occasions and works best on medium/long hair.,"wedding/party, medium/long, intermediate, braided french bun",wedding/party intermediate medium/long hairstyle everyday occasion
21,IMG_3309.JPG,Mohawk Braided Updo,Unique,Advanced,Medium/Long,A advanced mohawk braided updo that's well suited for unique occasions and works best on medium/long hair.,"unique, medium/long, advanced, mohawk braided updo",unique advanced medium/long hairstyle everyday occasion
22,IMG_3310.JPG,French Braid,Simple/Everyday,Intermediate,Medium/Long,A intermediate french braid that's well suited for simple/everyday occasions and works best on medium/long hair.,"simple/everyday, medium/long, intermediate, french braid",simple/everyday intermediate medium/long hairstyle everyday occasion
23,IMG_3314.JPG,Side Ladder Braid,Simple/Everyday,Intermediate,Short/Medium/Long,A intermediate side ladder braid that's well suited for simple/everyday occasions and works best on short/medium/long hair.,"simple/everyday, short/medium/long, intermediate, side ladder braid",simple/everyday intermediate short/medium/long hairstyle everyday occasion
24,IMG_3318.JPG,French Braided Half-Up Rose,Simple/Everyday,Intermediate,Medium/Long,A intermediate french braided half-up rose that's well suited for simple/everyday occasions and works best on medium/long hair.,"simple/everyday, medium/long, intermediate, french braided half-up rose",simple/everyday intermediate medium/long hairstyle everyday occasion
25,IMG_3324.JPG,Twisted and Braided Half-Up,Wedding/Party,Intermediate,Medium/Long,A intermediate twisted and braided half-up that's well suited for wedding/party occasions and works best on medium/long hair.,"wedding/party, medium/long, intermediate, twisted and braided half-up",wedding/party intermediate medium/long hairstyle everyday occasion
26,IMG_3327.JPG,Braided Side Low Bun,Wedding/Party,Intermediate,Medium/Long,A intermediate braided side low bun that's well suited for wedding/party occasions and works best on medium/long hair.,"wedding/party, medium/long, intermediate, braided side low bun",wedding/party intermediate medium/long hairstyle everyday occasion
27,IMG_3330.JPG,4-Strand Braided Low Side Bun,Wedding/Party,Intermediate,Medium/Long,A intermediate 4-strand braided low side bun that's well suited for wedding/party occasions and works best on medium/long hair.,"wedding/party, medium/long, intermediate, 4-strand braided low side bun",wedding/party intermediate medium/long hairstyle everyday occasion
28,IMG_3331.JPG,Waterfall Fishtail Braid,Wedding/Party/Everyday,Advanced,Medium/Long,A advanced waterfall fishtail braid that's well suited for wedding/party/everyday occasions and works best on medium/long hair.,"wedding/party/everyday, medium/long, advanced, waterfall fishtail braid",wedding/party/everyday advanced medium/long hairstyle everyday occasion
29,IMG_3333.JPG,Pull-through Side Braid,Wedding/Party,Intermediate,Medium/Long,A intermediate pull-through side braid that's well suited for wedding/party occasions and works best on medium/long hair.,"wedding/party, medium/long, intermediate, pull-through side braid",wedding/party intermediate medium/long hairstyle everyday occasion
30,IMG_3334.JPG,Fishtail Headband Braid,Wedding/Party/Everyday,Advanced,Medium/Long,A advanced fishtail headband braid that's well suited for wedding/party/everyday occasions and works best on medium/long hair.,"wedding/party/everyday, medium/long, advanced, fishtail headband braid",wedding/party/everyday advanced medium/long hairstyle everyday occasion
31,IMG_3335.JPG,Waterfall Braid,Wedding/Party/Everyday,Advanced,Medium/Long,A advanced waterfall braid that's well suited for wedding/party/everyday occasions and works best on medium/long hair.,"wedding/party/everyday, medium/long, advanced, waterfall braid",wedding/party/everyday advanced medium/long hairstyle everyday occasion
32,IMG_3337.JPG,Braided Updo,Wedding/Party,Advanced,Medium/Long,A advanced braided updo that's well suited for wedding/party occasions and works best on medium/long hair.,"wedding/party, medium/long, advanced, braided updo",wedding/party advanced medium/long hairstyle everyday occasion
33,IMG_3338.JPG,Side Braid,Wedding/Party/Everyday,Intermediate,Medium/Long,A intermediate side braid that's well suited for wedding/party/everyday occasions and works best on medium/long hair.,"wedding/party/everyday, medium/long, intermediate, side braid",wedding/party/everyday intermediate medium/long hairstyle everyday occasion
34,IMG_3340.JPG,Braided Low Bun,Wedding/Party,Intermediate,Medium/Long,A intermediate braided low bun that's well suited for wedding/party occasions and works best on medium/long hair.,"wedding/party, medium/long, intermediate, braided low bun",wedding/party intermediate medium/long hairstyle everyday occasion
35,IMG_3341.JPG,French Braided Bun,Wedding/Party,Intermediate,Medium/Long,A intermediate french braided bun that's well suited for wedding/party occasions and works best on medium/long hair.,"wedding/party, medium/long, intermediate, french braided bun",wedding/party intermediate medium/long hairstyle everyday occasion
36,IMG_3342.JPG,Lace and Pull-through Braid,Wedding/Party/Everyday,Intermediate,Medium/Long,A intermediate lace and pull-through braid that's well suited for wedding/party/everyday occasions and works best on medium/long hair.,"wedding/party/everyday, medium/long, intermediate, lace and pull-through braid",wedding/party/everyday intermediate medium/long hairstyle everyday occasion
37,IMG_3343.JPG,Lace Braid Half-Up,Wedding/Party/Everyday,Intermediate,Medium/Long,A intermediate lace braid half-up that's well suited for wedding/party/everyday occasions and works best on medium/long hair.,"wedding/party/everyday, medium/long, intermediate, lace braid half-up",wedding/party/everyday intermediate medium/long hairstyle everyday occasion
38,IMG_3345.JPG,Floral Updo,Wedding/Party,Advanced,Medium/Long,A advanced floral updo that's well suited for wedding/party occasions and works best on medium/long hair.,"wedding/party, medium/long, advanced, floral updo",wedding/party advanced medium/long hairstyle everyday occasion
39,IMG_3347.JPG,Floral Bun,Wedding/Party,Advanced,Medium/Long,A advanced floral bun that's well suited for wedding/party occasions and works best on medium/long hair.,"wedding/party, medium/long, advanced, floral bun",wedding/party advanced medium/long hairstyle everyday occasion
40,IMG_3348.JPG,Twisted Updo,Wedding/Party,Advanced,Medium/Long,A advanced twisted updo that's well suited for wedding/party occasions and works best on medium/long hair.,"wedding/party, medium/long, advanced, twisted updo",wedding/party advanced medium/long hairstyle everyday occasion
41,IMG_3350.JPG,Braided Ponytail,Wedding/Party/Everyday,Intermediate,Medium/Long,A intermediate braided ponytail that's well suited for wedding/party/everyday occasions and works best on medium/long hair.,"wedding/party/everyday, medium/long, intermediate, braided ponytail",wedding/party/everyday intermediate medium/long hairstyle everyday occasion
42,IMG_3351.JPG,Pull-through Braid,Wedding/Party/Everyday,Intermediate,Medium/Long,A intermediate pull-through braid that's well suited for wedding/party/everyday occasions and works best on medium/long hair.,"wedding/party/everyday, medium/long, intermediate, pull-through braid",wedding/party/everyday intermediate medium/long hairstyle everyday occasion
43,IMG_3352.JPG,Fishtail Braid,Wedding/Party/Everyday,Advanced,Medium/Long,A advanced fishtail braid that's well suited for wedding/party/everyday occasions and works best on medium/long hair.,"wedding/party/everyday, medium/long, advanced, fishtail braid",wedding/party/everyday advanced medium/long hairstyle everyday occasion
44,IMG_3355.JPG,Twisted Low Bun,Wedding/Party,Intermediate,Medium/Long,A intermediate twisted low bun that's well suited for wedding/party occasions and works best on medium/long hair.,"wedding/party, medium/long, intermediate, twisted low bun",wedding/party intermediate medium/long hairstyle everyday occasion
45,IMG_3356.JPG,Rope Braided Bun,Wedding/Party,Intermediate,Medium/Long,A intermediate rope braided bun that's well suited for wedding/party occasions and works best on medium/long hair.,"wedding/party, medium/long, intermediate, rope braided bun",wedding/party intermediate medium/long hairstyle everyday occasion
46,IMG_3357.JPG,Basket Bun,Wedding/Party,Advanced,Medium/Long,A advanced basket bun that's well suited for wedding/party occasions and works best on medium/long hair.,"wedding/party, medium/long, advanced, basket bun",wedding/party advanced medium/long hairstyle everyday occasion
47,IMG_3358.JPG,Braided Half-Up,Wedding/Party/Everyday,Intermediate,Medium/Long,A intermediate braided half-up that's well suited for wedding/party/everyday occasions and works best on medium/long hair.,"wedding/party/everyday, medium/long, intermediate, braided half-up",wedding/party/everyday intermediate medium/long hairstyle everyday occasion
48,IMG_3359.JPG,Donut Bun,Wedding/Party,Beginner,Short/Medium/Long,A beginner donut bun that's well suited for wedding/party occasions and works best on short/medium/long hair.,"wedding/party, short/medium/long, beginner, donut bun",wedding/party beginner short/medium/long hairstyle everyday occasion
49,IMG_3360.JPG,Textured Ponytail,Wedding/Party/Everyday,Intermediate,Medium/Long,A intermediate textured ponytail that's well suited for wedding/party/everyday occasions and works best on medium/long hair.,"wedding/party/everyday, medium/long, intermediate, textured ponytail",wedding/party/everyday intermediate medium/long hairstyle everyday occasion
50,IMG_3361.JPG,Fishtail Updo,Wedding/Party,Advanced,Medium/Long,A advanced fishtail updo that's well suited for wedding/party occasions and works best on medium/long hair.,"wedding/party, medium/long, advanced, fishtail updo",wedding/party advanced medium/long hairstyle everyday occasion
51,IMG_3363.JPG,Crown Braids,Wedding/Party,Advanced,Medium/Long,A advanced crown braids that's well suited for wedding/party occasions and works best on medium/long hair.,"wedding/party, medium/long, advanced, crown braids",wedding/party advanced medium/long hairstyle everyday occasion
52,IMG_3365.JPG,Twisted Textured Ponytail,Wedding/Party/Everyday,Intermediate,Medium/Long,A intermediate twisted textured ponytail that's well suited for wedding/party/everyday occasions and works best on medium/long hair.,"wedding/party/everyday, medium/long, intermediate, twisted textured ponytail",wedding/party/everyday intermediate medium/long hairstyle everyday occasion
53,IMG_3366.JPG,Rose Bun,Wedding/Party,Beginner,Medium/Long,A beginner rose bun that's well suited for wedding/party occasions and works best on medium/long hair.,"wedding/party, medium/long, beginner, rose bun",wedding/party beginner medium/long hairstyle everyday occasion
54,IMG_3367.JPG,Braided Low Ponytail,Wedding/Party/Everyday,Intermediate,Medium/Long,A intermediate braided low ponytail that's well suited for wedding/party/everyday occasions and works best on medium/long hair.,"wedding/party/everyday, medium/long, intermediate, braided low ponytail",wedding/party/everyday intermediate medium/long hairstyle everyday occasion
55,IMG_3368.JPG,French Braided Ponytail,Wedding/Party/Everyday,Intermediate,Medium/Long,A intermediate french braided ponytail that's well suited for wedding/party/everyday occasions and works best on medium/long hair.,"wedding/party/everyday, medium/long, intermediate, french braided ponytail",wedding/party/everyday intermediate medium/long hairstyle everyday occasion
56,IMG_3369.JPG,Textured Ponytail,Wedding/Party/Everyday,Intermediate,Medium/Long,A intermediate textured ponytail that's well suited for wedding/party/everyday occasions and works best on medium/long hair.,"wedding/party/everyday, medium/long, intermediate, textured ponytail",wedding/party/everyday intermediate medium/long hairstyle everyday occasion
57,IMG_3370.JPG,Side Corn Braids,Wedding/Party/Everyday,Intermediate,Short/Medium/Long,A intermediate side corn braids that's well suited for wedding/party/everyday occasions and works best on short/medium/long hair.,"wedding/party/everyday, short/medium/long, intermediate, side corn braids",wedding/party/everyday intermediate short/medium/long hairstyle everyday occasion
58,IMG_3372.JPG,Side Braid,Wedding/Party/Everyday,Intermediate,Medium/Long,A intermediate side braid that's well suited for wedding/party/everyday occasions and works best on medium/long hair.,"wedding/party/everyday, medium/long, intermediate, side braid",wedding/party/everyday intermediate medium/long hairstyle everyday occasion
59,IMG_3373.JPG,Floral Half-Up,Wedding/Party,Beginner,Medium/Long,A beginner floral half-up that's well suited for wedding/party occasions and works best on medium/long hair.,"wedding/party, medium/long, beginner, floral half-up",wedding/party beginner medium/long hairstyle everyday occasion
60,IMG_3374.JPG,Infinity Braid Ponytail,Wedding/Party/Everyday,Advanced,Medium/Long,A advanced infinity braid ponytail that's well suited for wedding/party/everyday occasions and works best on medium/long hair.,"wedding/party/everyday, medium/long, advanced, infinity braid ponytail",wedding/party/everyday advanced medium/long hairstyle everyday occasion
61,IMG_3375.JPG,Dutch Braided Half-Up Ponytail,Wedding/Party/Everyday,Intermediate,Medium/Long,A intermediate dutch braided half-up ponytail that's well suited for wedding/party/everyday occasions and works best on medium/long hair.,"wedding/party/everyday, medium/long, intermediate, dutch braided half-up ponytail",wedding/party/everyday intermediate medium/long hairstyle everyday occasion
62,IMG_3376.JPG,Textured Bun,Wedding/Party,Advanced,Medium/Long,A advanced textured bun that's well suited for wedding/party occasions and works best on medium/long hair.,"wedding/party, medium/long, advanced, textured bun",wedding/party advanced medium/long hairstyle everyday occasion
63,IMG_3377.JPG,Twisted Side Bun,Wedding/Party,Intermediate,Medium/Long,A intermediate twisted side bun that's well suited for wedding/party occasions and works best on medium/long hair.,"wedding/party, medium/long, intermediate, twisted side bun",wedding/party intermediate medium/long hairstyle everyday occasion
64,IMG_3378.JPG,Woven Braid and Bow,Wedding/Party/Everyday,Intermediate,Medium/Long,A intermediate woven braid and bow that's well suited for wedding/party/everyday occasions and works best on medium/long hair.,"wedding/party/everyday, medium/long, intermediate, woven braid and bow",wedding/party/everyday intermediate medium/long hairstyle everyday occasion
65,IMG_3379.JPG,Woven Braid Ponytail,Wedding/Party/Everyday,Intermediate,Medium/Long,A intermediate woven braid ponytail that's well suited for wedding/party/everyday occasions and works best on medium/long hair.,"wedding/party/everyday, medium/long, intermediate, woven braid ponytail",wedding/party/everyday intermediate medium/long hairstyle everyday occasion
66,IMG_3380.JPG,Chain Braid Half-Up,Wedding/Party/Everyday,Intermediate,Medium/Long,A intermediate chain braid half-up that's well suited for wedding/party/everyday occasions and works best on medium/long hair.,"wedding/party/everyday, medium/long, intermediate, chain braid half-up",wedding/party/everyday intermediate medium/long hairstyle everyday occasion
67,IMG_3381.JPG,Dutch Braided Bun,Wedding/Party,Intermediate,Medium/Long,A intermediate dutch braided bun that's well suited for wedding/party occasions and works best on medium/long hair.,"wedding/party, medium/long, intermediate, dutch braided bun",wedding/party intermediate medium/long hairstyle everyday occasion
68,IMG_3382.JPG,Textured Bridal Updo,Wedding/Party,Advanced,Medium/Long,A advanced textured bridal updo that's well suited for wedding/party occasions and works best on medium/long hair.,"wedding/party, medium/long, advanced, textured bridal updo",wedding/party advanced medium/long hairstyle everyday occasion
69,IMG_3383.JPG,Side Braids,Wedding/Party/Everyday,Intermediate,Short/Medium/Long,A intermediate side braids that's well suited for wedding/party/everyday occasions and works best on short/medium/long hair.,"wedding/party/everyday, short/medium/long, intermediate, side braids",wedding/party/everyday intermediate short/medium/long hairstyle everyday occasion
70,IMG_3384.JPG,Knot Braid,Wedding/Party/Everyday,Intermediate,Medium/Long,A intermediate knot braid that's well suited for wedding/party/everyday occasions and works best on medium/long hair.,"wedding/party/everyday, medium/long, intermediate, knot braid",wedding/party/everyday intermediate medium/long hairstyle everyday occasion
71,IMG_3385.JPG,Twisted Updo,Wedding/Party,Advanced,Medium/Long,A advanced twisted updo that's well suited for wedding/party occasions and works best on medium/long hair.,"wedding/party, medium/long, advanced, twisted updo",wedding/party advanced medium/long hairstyle everyday occasion
72,IMG_3386.JPG,Multi-Braids,Wedding/Party,Intermediate,Medium/Long,A intermediate multi-braids that's well suited for wedding/party/everyday occasions and works best on medium/long hair.,"wedding/party/everyday, medium/long, intermediate, multi-braids",wedding/party/everyday intermediate medium/long hairstyle occasion
73,IMG_3387.JPG,Ponytail,Wedding/Party/Everyday,Intermediate,Medium/Long,A intermediate ponytail that's well suited for wedding/party/everyday occasions and works best on medium/long hair.,"wedding/party/everyday, medium/long, intermediate, ponytail",wedding/party/everyday intermediate medium/long hairstyle everyday occasion
74,IMG_3388.JPG,French Braid Half-Up,Wedding/Party/Everyday,Beginner,Short/Medium/Long,A beginner french braid half-up that's well suited for wedding/party/everyday occasions and works best on short/medium/long hair.,"wedding/party/everyday, short/medium/long, beginner, french braid half-up",wedding/party/everyday beginner short/medium/long hairstyle everyday occasion
75,IMG_3389.JPG,High Buns,Wedding/Party,Intermediate,Short/Medium/Long,A intermediate high buns that's well suited for wedding/party occasions and works best on short/medium/long hair.,"wedding/party, short/medium/long, intermediate, high buns",wedding/party intermediate short/medium/long hairstyle everyday occasion
76,IMG_3390.JPG,Party Updo,Wedding/Party,Advanced,Medium/Long,A advanced party updo that's well suited for wedding/party occasions and works best on medium/long hair.,"wedding/party, medium/long, advanced, party updo",wedding/party advanced medium/long hairstyle everyday occasion
77,IMG_3392.JPG,Textured Ponytail,Wedding/Party/Everyday,Advanced,Medium/Long,A advanced textured ponytail that's well suited for wedding/party/everyday occasions and works best on medium/long hair.,"wedding/party/everyday, medium/long, advanced, textured ponytail",wedding/party/everyday advanced medium/long hairstyle everyday occasion
78,IMG_3393.JPG,Ladder Braid,Wedding/Party/Everyday,Intermediate,Short/Medium/Long,A intermediate ladder braid that's well suited for wedding/party/everyday occasions and works best on short/medium/long hair.,"wedding/party/everyday, short/medium/long, intermediate, ladder braid",wedding/party/everyday intermediate short/medium/long hairstyle everyday occasion
79,IMG_3394.JPG,Twisted Waterfall Braid,Wedding/Party/Everyday,Beginner,Short/Medium/Long,A beginner twisted waterfall braid that's well suited for wedding/party/everyday occasions and works best on short/medium/long hair.,"wedding/party/everyday, short/medium/long, beginner, twisted waterfall braid",wedding/party/everyday beginner short/medium/long hairstyle everyday occasion
80,IMG_3395.JPG,Curly Updo,Wedding/Party,Advanced,Medium/Long,A advanced curly updo that's well suited for wedding/party occasions and works best on medium/long hair.,"wedding/party, medium/long, advanced, curly updo",wedding/party advanced medium/long hairstyle everyday occasion
81,IMG_3396.JPG,Braided Half-Up Bun,Wedding/Party,Intermediate,Medium/Long,A intermediate braided half-up bun that's well suited for wedding/party occasions and works best on medium/long hair.,"wedding/party, medium/long, intermediate, braided half-up bun",wedding/party intermediate medium/long hairstyle everyday occasion
82,IMG_3397.JPG,Stacked Braids,Wedding/Party/Everyday,Intermediate,Medium/Long,A intermediate stacked braids that's well suited for wedding/party/everyday occasions and works best on medium/long hair.,"wedding/party/everyday, medium/long, intermediate, stacked braids",wedding/party/everyday intermediate medium/long hairstyle everyday occasion
83,IMG_3398.JPG,Basket Braid Bun,Wedding/Party,Intermediate,Medium/Long,A intermediate basket braid bun that's well suited for wedding/party occasions and works best on medium/long hair.,"wedding/party, medium/long, intermediate, basket braid bun",wedding/party intermediate medium/long hairstyle everyday occasion
84,IMG_3399.JPG,Twisted Fishtail Braid,Wedding/Party/Everyday,Intermediate,Medium/Long,A intermediate twisted fishtail braid that's well suited for wedding/party/everyday occasions and works best on medium/long hair.,"wedding/party/everyday, medium/long, intermediate, twisted fishtail braid",wedding/party/everyday intermediate medium/long hairstyle everyday occasion
85,IMG_3400.JPG,French Fishtail Braid,Wedding/Party/Everyday,Intermediate,Medium/Long,A intermediate french fishtail braid that's well suited for wedding/party/everyday occasions and works best on medium/long hair.,"wedding/party/everyday, medium/long, intermediate, french fishtail braid",wedding/party/everyday intermediate medium/long hairstyle everyday occasion
86,IMG_3402.JPG,Dutch Braid Half-Up,Wedding/Party/Everyday,Intermediate,Medium/Long,A intermediate dutch braid half-up that's well suited for wedding/party/everyday occasions and works best on medium/long hair.,"wedding/party/everyday, medium/long, intermediate, dutch braid half-up",wedding/party/everyday intermediate medium/long hairstyle everyday occasion
87,IMG_3403.JPG,Braided Half-Up,Wedding/Party/Everyday,Intermediate,Medium/Long,A intermediate braided half-up that's well suited for wedding/party/everyday occasions and works best on medium/long hair.,"wedding/party/everyday, medium/long, intermediate, braided half-up",wedding/party/everyday intermediate medium/long hairstyle everyday occasion
88,IMG_3404.JPG,Bubble Braid,Wedding/Party/Everyday,Intermediate,Medium/Long,A intermediate bubble braid that's well suited for wedding/party/everyday occasions and works best on medium/long hair.,"wedding/party/everyday, medium/long, intermediate, bubble braid",wedding/party/everyday intermediate medium/long hairstyle everyday occasion
89,IMG_3405.JPG,Bubble Infinity Braid,Wedding/Party/Everyday,Advanced,Medium/Long,A advanced bubble infinity braid that's well suited for wedding/party/everyday occasions and works best on medium/long hair.,"wedding/party/everyday, medium/long, advanced, bubble infinity braid",wedding/party/everyday advanced medium/long hairstyle everyday occasion
90,IMG_3406.JPG,Twisted Bridal Bun,Wedding/Party,Advanced,Medium/Long,A advanced twisted bridal bun that's well suited for wedding/party occasions and works best on medium/long hair.,"wedding/party, medium/long, advanced, twisted bridal bun",wedding/party advanced medium/long hairstyle everyday occasion
91,IMG_3407.JPG,Bridal Bun,Wedding/Party,Advanced,Medium/Long,A advanced bridal bun that's well suited for wedding/party occasions and works best on medium/long hair.,"wedding/party, medium/long, advanced, bridal bun",wedding/party advanced medium/long hairstyle everyday occasion
93,IMG_3411.JPG,Textured Updo,Wedding/Party,Advanced,Medium/Long,A advanced textured updo that's well suited for wedding/party occasions and works best on medium/long hair.,"wedding/party, medium/long, advanced, textured updo",wedding/party advanced medium/long hairstyle everyday occasion
94,IMG_3412.JPG,Twisted Low Rose Bun,Wedding/Party,Intermediate,Medium/Long,A intermediate twisted low rose bun that's well suited for wedding/party occasions and works best on medium/long hair.,"wedding/party, medium/long, intermediate, twisted low rose bun",wedding/party intermediate medium/long hairstyle everyday occasion
95,IMG_3413.JPG,Ladder Braid Ponytail,Wedding/Party/Everyday,Intermediate,Medium/Long,A intermediate ladder braid ponytail that's well suited for wedding/party/everyday occasions and works best on medium/long hair.,"wedding/party/everyday, medium/long, intermediate, ladder braid ponytail",wedding/party/everyday intermediate medium/long hairstyle everyday occasion
96,IMG_3414.JPG,High Bun,Wedding/Party,Intermediate,Medium/Long,A intermediate high bun that's well suited for wedding/party occasions and works best on medium/long hair.,"wedding/party, medium/long, intermediate, high bun",wedding/party intermediate medium/long hairstyle everyday occasion
97,IMG_3415.JPG,Rope Braided Bun,Wedding/Party,Intermediate,Medium/Long,A intermediate rope braided bun that's well suited for wedding/party occasions and works best on medium/long hair.,"wedding/party, medium/long, intermediate, rope braided bun",wedding/party intermediate medium/long hairstyle everyday occasion
98,IMG_3416.JPG,4-Strand Braided Ponytail,Wedding/Party/Everyday,Intermediate,Medium/Long,A intermediate 4-strand braided ponytail that's well suited for wedding/party/everyday occasions and works best on medium/long hair.,"wedding/party/everyday, medium/long, intermediate, 4-strand braided ponytail",wedding/party/everyday intermediate medium/long hairstyle everyday occasion
99,IMG_3417.JPG,Braided Ponytail,Wedding/Party/Everyday,Intermediate,Medium/Long,A intermediate braided ponytail that's well suited for wedding/party/everyday occasions and works best on medium/long hair.,"wedding/party/everyday, medium/long, intermediate, braided ponytail",wedding/party/everyday intermediate medium/long hairstyle everyday occasion
100,IMG_3418.JPG,Twist and Curls,Wedding/Party,Intermediate,Medium/Long,A intermediate twist and curls that's well suited for wedding/party occasions and works best on medium/long hair.,"wedding/party, medium/long, intermediate, twist and curls",wedding/party intermediate medium/long hairstyle everyday occasion
101,IMG_3419.JPG,Bouquet Half-Up,Wedding/Party,Beginner,Medium/Long,A beginner bouquet half-up that's well suited for wedding/party occasions and works best on medium/long hair.,"wedding/party, medium/long, beginner, bouquet half-up",wedding/party beginner medium/long hairstyle everyday occasion
102,IMG_3420.JPG,Half-Up Bouquet,Wedding/Party,Beginner,Medium/Long,A beginner half-up bouquet that's well suited for wedding/party occasions and works best on medium/long hair.,"wedding/party, medium/long, beginner, half-up bouquet",wedding/party beginner medium/long hairstyle everyday occasion
103,IMG_3421.JPG,Elegant Updo,Wedding/Party,Advanced,Medium/Long,A advanced elegant updo that's well suited for wedding/party occasions and works best on medium/long hair.,"wedding/party, medium/long, advanced, elegant updo",wedding/party advanced medium/long hairstyle everyday occasion
104,IMG_3422.JPG,Party Updo,Wedding/Party,Advanced,Medium/Long,A advanced party updo that's well suited for wedding/party occasions and works best on medium/long hair.,"wedding/party, medium/long, advanced, party updo",wedding/party advanced medium/long hairstyle everyday occasion
105,IMG_3423.JPG,Fishtail Braids,Wedding/Party/Everyday,Beginner,Short/Medium/Long,A beginner fishtail braids that's well suited for wedding/party/everyday occasions and works best on short/medium/long hair.,"wedding/party/everyday, short/medium/long, beginner, fishtail braids",wedding/party/everyday beginner short/medium/long hairstyle everyday occasion
106,IMG_3424.JPG,Twisted Donut Bun,Wedding/Party,Intermediate,Medium/Long,A intermediate twisted donut bun that's well suited for wedding/party occasions and works best on medium/long hair.,"wedding/party, medium/long, intermediate, twisted donut bun",wedding/party intermediate medium/long hairstyle everyday occasion
107,IMG_3425.JPG,Fishtail Braid,Wedding/Party/Everyday,Advanced,Medium/Long,A advanced fishtail braid that's well suited for wedding/party/everyday occasions and works best on medium/long hair.,"wedding/party/everyday, medium/long, advanced, fishtail braid",wedding/party/everyday advanced medium/long hairstyle everyday occasion
108,IMG_3426.JPG,Waterfall Braid,Wedding/Party,Intermediate,Medium/Long,A intermediate waterfall braid that's well suited for wedding/party occasions and works best on medium/long hair.,"wedding/party, medium/long, intermediate, waterfall braid",wedding/party intermediate medium/long hairstyle occasion
109,IMG_3427.JPG,Twisted Bun,Wedding/Party,Intermediate,Medium/Long,A intermediate twisted bun that's well suited for wedding/party occasions and works best on medium/long hair.,"wedding/party, medium/long, intermediate, twisted bun",wedding/party intermediate medium/long hairstyle occasion
109,IMG_3428.JPG,Braided Bun,Wedding/Party,Intermediate,Medium/Long,A intermediate braided bun that's well suited for wedding/party occasions and works best on medium/long hair.,"wedding/party, medium/long, intermediate, braided bun",wedding/party intermediate medium/long hairstyle occasion
110,IMG_3429.JPG,Topsy-tail Braid,Wedding/Party,Advanced,Medium/Long,A advanced topsy-tail braid that's well suited for wedding/party occasions and works best on medium/long hair.,"wedding/party, medium/long, advanced, topsy-tail braid",wedding/party advanced medium/long hairstyle occasion
111,IMG_3430.JPG,Floral Braided Bun,Wedding/Party,Intermediate,Short/Medium/Long,A intermediate floral braided bun that's well suited for wedding/party occasions and works best on short/medium/long hair.,"wedding/party, short/medium/long, intermediate, floral braided bun",wedding/party intermediate short/medium/long hairstyle everyday occasion
112,IMG_3431.JPG,Double Braids,Everyday,Intermediate,Medium/Long,A intermediate double braids that's well suited for everyday occasions and works best on medium/long hair.,"everyday, medium/long, intermediate, double braids",everyday intermediate medium/long hairstyle everyday occasion
113,IMG_3432.JPG,Double Braids,Everyday,Intermediate,Medium/Long,A intermediate double braids that's well suited for everyday occasions and works best on medium/long hair.,"everyday, medium/long, intermediate, double braids",everyday intermediate medium/long hairstyle everyday occasion
114,IMG_3433.JPG,Twisted Half-Up,Wedding/Party,Intermediate,Medium/Long,A intermediate twisted half-up that's well suited for wedding/party occasions and works best on medium/long hair.,"wedding/party/everyday, medium/long, intermediate, twisted half-up",wedding/party intermediate medium/long hairstyle occasion
115,IMG_3433.JPG,Braided Bun Variations,Wedding/Party,Intermediate,Medium/Long,A intermediate braided bun variations that's well suited for wedding/party occasions and works best on medium/long hair.,"wedding/party, medium/long, intermediate, braided bun variations",wedding/party intermediate medium/long hairstyle everyday occasion
116,IMG_3434.JPG,Textured Low bun,Wedding/Party,Intermediate,Medium/Long,A intermediate textured low bun that's well suited for wedding/party occasions and works best on medium/long hair.,"wedding/party, medium/long, intermediate, textured low bun",wedding/party intermediate medium/long hairstyle occasion
117,IMG_3435.JPG,Textured Updo,Wedding/Party,Advanced,Medium/Long,A advanced textured updo that's well suited for wedding/party occasions and works best on medium/long hair.,"wedding/party, medium/long, advanced, textured updo",wedding/party advanced medium/long hairstyle everyday occasion
118,IMG_3436.JPG,Crown Braid,Wedding/Party,Beginner,Short/Medium/Long,A beginner crown braid that's well suited for wedding/party occasions and works best on short/medium/long hair.,"wedding/party, short/medium/long, beginner, crown braid",wedding/party beginner short/medium/long hairstyle everyday occasion
119,IMG_3437.JPG,Braided Half-Up,Wedding/Party/Everyday,Intermediate,Medium/Long,A intermediate braided half-up that's well suited for wedding/party/everyday occasions and works best on medium/long hair.,"wedding/party/everyday, medium/long, intermediate, braided half-up",wedding/party/everyday intermediate medium/long hairstyle everyday occasion
120,IMG_3438.JPG,Waterfall and Rose Bun,Wedding/Party,Advanced,Medium/Long,A advanced waterfall and rose bun that's well suited for wedding/party occasions and works best on medium/long hair.,"wedding/party, medium/long, advanced, waterfall and rose bun",wedding/party advanced medium/long hairstyle everyday occasion
121,IMG_3439.JPG,Multi Braids,Wedding/Party/Everyday,Intermediate,Medium/Long,A intermediate multi braids that's well suited for wedding/party/everyday occasions and works best on medium/long hair.,"wedding/party/everyday, medium/long, intermediate, multi braids",wedding/party/everyday intermediate medium/long hairstyle everyday occasion
122,IMG_3440.JPG,Braided Bun,Wedding/Party/Everyday,Beginner,Medium/Long,A beginner braided bun that's well suited for wedding/party/everyday occasions and works best on medium/long hair.,"wedding/party/everyday, medium/long, intermediate, braided bun",wedding/party/everyday intermediate medium/long hairstyle everyday occasion
123,IMG_3441.JPG,Upside-Down Braided Bun,Wedding/Party,Intermediate,Medium/Long,A intermediate upside-down braided bun that's well suited for wedding/party occasions and works best on medium/long hair.,"wedding/party, medium/long, intermediate, upside-down braided bun",wedding/party intermediate medium/long hairstyle everyday occasion
124,IMG_3442.JPG,Half-up inifinity braids,Wedding/Party/Everyday,Intermediate,Medium/Long,A intermediate Half-up infinity braid that's well suited for wedding/party/everyday occasions and works best on medium/long hair.,"wedding/party, medium/long, intermediate, Half-up infinity braid",wedding/party intermediate medium/long hairstyle everyday occasion
125,IMG_3443.JPG,Braided Hearts,Wedding/Party/Everyday,Intermediate,Medium/Long,A intermediate braided hearts that's well suited for wedding/party/everyday occasions and works best on medium/long hair.,"wedding/party/everyday, medium/long, intermediate, braided hearts",wedding/party/everyday intermediate medium/long hairstyle everyday occasion
126,IMG_3444.JPG,Half-Up Braid,Wedding/Party,Intermediate,Medium/Long,A intermediate half-up braid that's well suited for wedding/party occasions and works best on medium/long hair.,"wedding/party, medium/long, intermediate, half-up braid",wedding/party intermediate medium/long hairstyle occasion
127,IMG_3445.JPG,Decorative Half-Up,Wedding/Party,Beginner,Medium/Long,A beginner decorative half-up that's well suited for wedding/party occasions and works best on medium/long hair.,"wedding/party, medium/long, beginner, decorative half-up",wedding/party/everyday beginner medium/long hairstyle occasion
128,IMG_3447.JPG,Lace and Pull-through Braid,Wedding/Party,Intermediate,Medium/Long,A intermediate Lace and Pull-through Braid that's well suited for wedding/party/everyday occasions and works best on medium/long hair.,"wedding/party/everyday, medium/long, intermediate, Lace and Pull-through Braid",wedding/party/everyday intermediate medium/long hairstyle everyday occasion
129,IMG_3448.JPG,Rose Bun Half-Up,Wedding/Party,Beginner,Medium/Long,A beginner rose bun half-up that's well suited for wedding/party occasions and works best on medium/long hair.,"wedding/party, medium/long, beginner, rose bun half-up",wedding/party beginner medium/long hairstyle everyday occasion
130,IMG_3449.JPG,Twisted Bridal Updo,Wedding/Party,Advanced,Medium/Long,A advanced twisted bridal updo that's well suited for wedding/party occasions and works best on medium/long hair.,"wedding/party, medium/long, advanced, twisted bridal updo",wedding/party advanced medium/long hairstyle occasion
131,IMG_3450.JPG,Twisted Half-Up,Wedding/Party/Everyday,Intermediate,Short/Medium/Long,A intermediate twisted half-up that's well suited for wedding/party/everyday occasions and works best on short/medium/long hair.,"wedding/party/everyday, short/medium/long, intermediate, twisted half-up",wedding/party/everyday intermediate short/medium/long hairstyle everyday occasion
132,IMG_3451.JPG,Multi Ladder Braid,Wedding/Party/Everyday,Intermediate,Medium/Long,A intermediate multi ladder braid that's well suited for wedding/party/everyday occasions and works best on medium/long hair.,"wedding/party/everyday, medium/long, intermediate, multi ladder braid",wedding/party/everyday intermediate medium/long hairstyle everyday occasion
133,IMG_3452.JPG,Braided Half-Up,Wedding/Party/Everyday,Intermediate,Medium/Long,A intermediate braided half-up that's well suited for wedding/party/everyday occasions and works best on medium/long hair.,"wedding/party/everyday, medium/long, intermediate, braided half-up",wedding/party/everyday intermediate medium/long hairstyle everyday occasion
134,IMG_3453.JPG,Twisted Ponytail,Wedding/Party/Everyday,Beginner,Short/Medium/Long,A beginner twisted ponytail that's well suited for wedding/party/everyday occasions and works best on short/medium/long hair.,"wedding/party/everyday, short/medium/long, beginner, twisted ponytail",wedding/party/everyday beginner short/medium/long hairstyle everyday occasion
135,IMG_3454.JPG,Butterfly Braid,Wedding/Party,Intermediate,Medium/Long,A intermediate butterfly braid that's well suited for wedding/party occasions and works best on medium/long hair.,"wedding/party, medium/long, intermediate, butterfly braid",wedding/party intermediate medium/long hairstyle occasion
136,IMG_3455.JPG,Waterfall and Flower Braid,Wedding/Party,Advanced,Medium/Long,A advanced waterfall and flower braid that's well suited for wedding/party occasions and works best on medium/long hair.,"wedding/party, medium/long, advanced, waterfall and flower braid",wedding/party advanced medium/long hairstyle occasion
137,IMG_4571.jpg,4-Strand Half-Up with Curls,Wedding/Party,Intermediate,Medium/Long,A intermediate 4-strand half-up with curls that's well suited for wedding/party/everyday occasions and works best on medium/long hair.,"wedding/party/everyday, medium/long, intermediate, 4-strand half-up with curls",wedding/party/everyday intermediate medium/long hairstyle everyday occasion
138,IMG_5364.jpg,Braided Half-Up,Wedding/Party/Everyday,Intermediate,Medium/Long,A intermediate braided half-up that's well suited for wedding/party/everyday occasions and works best on medium/long hair.,"wedding/party/everyday, medium/long, intermediate, braided half-up",wedding/party/everyday intermediate medium/long hairstyle everyday occasion
139,IMG_6819.JPG,Topsy Tail Braid,Wedding/Party/Everyday,Intermediate,Medium/Long,A intermediate topsy tail braid that's well suited for wedding/party/everyday occasions and works best on medium/long hair.,"wedding/party/everyday, medium/long, intermediate, topsy tail braid",wedding/party/everyday intermediate medium/long hairstyle everyday occasion
140,IMG_7774.jpg,French Braided Buns,Wedding/Party/Everyday,Intermediate,Medium/Long,A beginner french braided buns that's well suited for wedding/party/everyday occasions and works best on medium/long hair.,"wedding/party, medium/long, beginner, french braided buns",wedding/party beginner medium/long hairstyle everyday occasion
141,IMG_7970.jpg,Crown Braids,Wedding/Party/Everyday,Beginner,Medium/Long,A beginner crown braid that's well suited for wedding/party/everyday occasions and works best on medium/long hair.,"wedding/party/everyday, medium/long, beginner, crown braids",wedding/party/everyday Beginner medium/long hairstyle everyday occasion
142,IMG_8218.jpg,Double Braids High Bun,Everyday,Intermediate,Short/Medium/Long,A intermediate double braids High Bun that's well suited for everyday occasions and works best on all hair lengths.,"everyday, short/medium/long, intermediate, double braids high bun",everyday intermediate short/medium/long hairstyle everyday occasion
143,IMG_8295.jpg,Multi-Dutch Braid,Everyday,Intermediate,Medium/Long,A intermediate multi-dutch braid that's well suited for everyday occasions and works best on medium/long hair.,"everyday, medium/long, intermediate, multi-dutch braid",everyday intermediate medium/long hairstyle everyday occasion
144,IMG_8498.jpg,Simple Dutch Braid,Everyday,Beginner,Medium/Long,A beginner simple dutch braid that's well suited for everyday and works best on medium/long hair.,"everyday, medium/long, beginner, simple dutch braid",everyday beginner medium/long hairstyle everyday occasion
145,IMG_8785.jpg,Low Bridal Bun,Wedding/Party,Intermediate,Medium/Long,A intermediate low bridal bun that's well suited for wedding/party occasions and works best on medium/long hair.,"wedding/party, medium/long, intermediate, low bridal bun",wedding/party intermediate medium/long hairstyle occasion
